local_path	original_url	timestamp
index.html	https://click2dance.co.il/	20260612042845
אולסיה/index.html	https://click2dance.co.il/%D7%90%D7%95%D7%9C%D7%A1%D7%99%D7%94/	20260422151945
אהבה/index.html	https://click2dance.co.il/%D7%90%D7%94%D7%91%D7%94/	20260422143837
אדם/index.html	https://click2dance.co.il/%D7%90%D7%93%D7%9D/	20260422152841
אורי/index.html	https://click2dance.co.il/%D7%90%D7%95%D7%A8%D7%99/	20260422134510
איך-לארגן-הפתעה-ליום-הולדת-שכולם-ידברו/index.html	https://click2dance.co.il/%D7%90%D7%99%D7%9A-%D7%9C%D7%90%D7%A8%D7%92%D7%9F-%D7%94%D7%A4%D7%AA%D7%A2%D7%94-%D7%9C%D7%99%D7%95%D7%9D-%D7%94%D7%95%D7%9C%D7%93%D7%AA-%D7%A9%D7%9B%D7%95%D7%9C%D7%9D-%D7%99%D7%93%D7%91%D7%A8%D7%95/	20260422150212
איך-לבחור-רקדניות-לחתונה-מדריך-צעד-אחר/index.html	https://click2dance.co.il/%D7%90%D7%99%D7%9A-%D7%9C%D7%91%D7%97%D7%95%D7%A8-%D7%A8%D7%A7%D7%93%D7%A0%D7%99%D7%95%D7%AA-%D7%9C%D7%97%D7%AA%D7%95%D7%A0%D7%94-%D7%9E%D7%93%D7%A8%D7%99%D7%9A-%D7%A6%D7%A2%D7%93-%D7%90%D7%97%D7%A8/	20260422143358
אילונה/index.html	https://click2dance.co.il/%D7%90%D7%99%D7%9C%D7%95%D7%A0%D7%94/	20260422142548
אירינה/index.html	https://click2dance.co.il/%D7%90%D7%99%D7%A8%D7%99%D7%A0%D7%94/	20260422153309
אינסה/index.html	https://click2dance.co.il/%D7%90%D7%99%D7%A0%D7%A1%D7%94/	20260422141846
אלה/index.html	https://click2dance.co.il/%D7%90%D7%9C%D7%94/	20260422151738
אליזבת/index.html	https://click2dance.co.il/%D7%90%D7%9C%D7%99%D7%96%D7%91%D7%AA/	20260422145234
אלייזה/index.html	https://click2dance.co.il/%D7%90%D7%9C%D7%99%D7%99%D7%96%D7%94/	20260422135021
אליס/index.html	https://click2dance.co.il/%D7%90%D7%9C%D7%99%D7%A1/	20260422143019
אלכסנדרה/index.html	https://click2dance.co.il/%D7%90%D7%9C%D7%9B%D7%A1%D7%A0%D7%93%D7%A8%D7%94/	20260422151030
אלכס/index.html	https://click2dance.co.il/%D7%90%D7%9C%D7%9B%D7%A1/	20260422141645
אלנה/index.html	https://click2dance.co.il/%D7%90%D7%9C%D7%A0%D7%94/	20260422145101
אמילי/index.html	https://click2dance.co.il/%D7%90%D7%9E%D7%99%D7%9C%D7%99/	20260422145307
אנגלה/index.html	https://click2dance.co.il/%D7%90%D7%A0%D7%92%D7%9C%D7%94/	20260422152404
ביקורות/index.html	https://click2dance.co.il/%D7%91%D7%99%D7%A7%D7%95%D7%A8%D7%95%D7%AA/	20260422141156
גאנל/index.html	https://click2dance.co.il/%D7%92%D7%90%D7%A0%D7%9C/	20260422145133
גוליה/index.html	https://click2dance.co.il/%D7%92%D7%95%D7%9C%D7%99%D7%94/	20260422150820
גוגו-רקדניות/index.html	https://click2dance.co.il/%D7%92%D7%95%D7%92%D7%95-%D7%A8%D7%A7%D7%93%D7%A0%D7%99%D7%95%D7%AA/	20260422150845
גסי-לילה-jess-e-layla/index.html	http://click2dance.co.il/%d7%92%d7%a1%d7%99-%d7%9c%d7%99%d7%9c%d7%94-jess-e-layla	20140823101611
ג׳סיקה/index.html	https://click2dance.co.il/%D7%92%D7%B3%D7%A1%D7%99%D7%A7%D7%94/	20260422135704
גלריה/index.html	https://click2dance.co.il/%D7%92%D7%9C%D7%A8%D7%99%D7%94/	20260422152026
דניאל/index.html	https://click2dance.co.il/%D7%93%D7%A0%D7%99%D7%90%D7%9C/	20260422153049
דריה/index.html	https://click2dance.co.il/%D7%93%D7%A8%D7%99%D7%94/	20260422141748
דרינה/index.html	https://click2dance.co.il/%D7%93%D7%A8%D7%99%D7%A0%D7%94/	20260422152602
הרקדניות-שלנו/index.html	https://click2dance.co.il/%D7%94%D7%A8%D7%A7%D7%93%D7%A0%D7%99%D7%95%D7%AA-%D7%A9%D7%9C%D7%A0%D7%95/	20260422142045
אריאנה/index.html	https://click2dance.co.il/%D7%90%D7%A8%D7%99%D7%90%D7%A0%D7%94/	20260422141718
אנסטסיה/index.html	https://click2dance.co.il/%D7%90%D7%A0%D7%A1%D7%98%D7%A1%D7%99%D7%94/	20260422145513
ורוניקה/index.html	https://click2dance.co.il/%D7%95%D7%A8%D7%95%D7%A0%D7%99%D7%A7%D7%94/	20260422133631
ולריה/index.html	https://click2dance.co.il/%D7%95%D7%9C%D7%A8%D7%99%D7%94/	20260422143058
חגיגות-השנה-click2dance/index.html	http://click2dance.co.il/%d7%97%d7%92%d7%99%d7%92%d7%95%d7%aa-%d7%94%d7%a9%d7%a0%d7%94-click2dance	20140824012056
זאנה/index.html	https://click2dance.co.il/%D7%96%D7%90%D7%A0%D7%94/	20260422144820
חובבי-ציון-תגידי-מה/index.html	http://click2dance.co.il/%d7%97%d7%95%d7%91%d7%91%d7%99-%d7%a6%d7%99%d7%95%d7%9f-%d7%aa%d7%92%d7%99%d7%93%d7%99-%d7%9e%d7%94	20131021043831
חשפניות-בבאר-שבע/index.html	https://click2dance.co.il/%D7%97%D7%A9%D7%A4%D7%A0%D7%99%D7%95%D7%AA-%D7%91%D7%91%D7%90%D7%A8-%D7%A9%D7%91%D7%A2/	20260422134202
חשפניות-באילת/index.html	https://click2dance.co.il/%D7%97%D7%A9%D7%A4%D7%A0%D7%99%D7%95%D7%AA-%D7%91%D7%90%D7%99%D7%9C%D7%AA/	20260422153300
חשפניות-בירושלים/index.html	https://click2dance.co.il/%D7%97%D7%A9%D7%A4%D7%A0%D7%99%D7%95%D7%AA-%D7%91%D7%99%D7%A8%D7%95%D7%A9%D7%9C%D7%99%D7%9D/	20260422155958
חשפניות-בחיפה/index.html	https://click2dance.co.il/%D7%97%D7%A9%D7%A4%D7%A0%D7%99%D7%95%D7%AA-%D7%91%D7%97%D7%99%D7%A4%D7%94/	20260422151904
חשפניות-במרכז/index.html	https://click2dance.co.il/%D7%97%D7%A9%D7%A4%D7%A0%D7%99%D7%95%D7%AA-%D7%91%D7%9E%D7%A8%D7%9B%D7%96/	20260422150114
ויקטוריה/index.html	https://click2dance.co.il/%D7%95%D7%99%D7%A7%D7%98%D7%95%D7%A8%D7%99%D7%94/	20260422140818
חשפניות-בתל-אביב/index.html	https://click2dance.co.il/%D7%97%D7%A9%D7%A4%D7%A0%D7%99%D7%95%D7%AA-%D7%91%D7%AA%D7%9C-%D7%90%D7%91%D7%99%D7%91/	20260422143441
חשפניות/index.html	https://click2dance.co.il/%D7%97%D7%A9%D7%A4%D7%A0%D7%99%D7%95%D7%AA/	20260422150753
חשפנים-למסיבת-רווקות/index.html	https://click2dance.co.il/%D7%97%D7%A9%D7%A4%D7%A0%D7%99%D7%9D-%D7%9C%D7%9E%D7%A1%D7%99%D7%91%D7%AA-%D7%A8%D7%95%D7%95%D7%A7%D7%95%D7%AA/	20260422140743
דנה/index.html	https://click2dance.co.il/%D7%93%D7%A0%D7%94/	20260422151600
טליה/index.html	https://click2dance.co.il/%D7%98%D7%9C%D7%99%D7%94/	20260422144416
יעל/index.html	https://click2dance.co.il/%D7%99%D7%A2%D7%9C/	20260422140443
כמה-עולה-להזמין-חשפנית-למסיבת-רווקים/index.html	https://click2dance.co.il/%D7%9B%D7%9E%D7%94-%D7%A2%D7%95%D7%9C%D7%94-%D7%9C%D7%94%D7%96%D7%9E%D7%99%D7%9F-%D7%97%D7%A9%D7%A4%D7%A0%D7%99%D7%AA-%D7%9C%D7%9E%D7%A1%D7%99%D7%91%D7%AA-%D7%A8%D7%95%D7%95%D7%A7%D7%99%D7%9D/	20260422153648
חשפניות-למסיבת-רווקים/index.html	https://click2dance.co.il/%D7%97%D7%A9%D7%A4%D7%A0%D7%99%D7%95%D7%AA-%D7%9C%D7%9E%D7%A1%D7%99%D7%91%D7%AA-%D7%A8%D7%95%D7%95%D7%A7%D7%99%D7%9D/	20260422140707
כמה-עולים-מייצגים-לאירוע-מחירון-כניסו/index.html	https://click2dance.co.il/%D7%9B%D7%9E%D7%94-%D7%A2%D7%95%D7%9C%D7%99%D7%9D-%D7%9E%D7%99%D7%99%D7%A6%D7%92%D7%99%D7%9D-%D7%9C%D7%90%D7%99%D7%A8%D7%95%D7%A2-%D7%9E%D7%97%D7%99%D7%A8%D7%95%D7%9F-%D7%9B%D7%A0%D7%99%D7%A1%D7%95/	20260422140102
חשפנים-לנשים/index.html	https://click2dance.co.il/%D7%97%D7%A9%D7%A4%D7%A0%D7%99%D7%9D-%D7%9C%D7%A0%D7%A9%D7%99%D7%9D/	20260422142243
כניסות-מיוחדות/index.html	https://click2dance.co.il/%D7%9B%D7%A0%D7%99%D7%A1%D7%95%D7%AA-%D7%9E%D7%99%D7%95%D7%97%D7%93%D7%95%D7%AA/	20260422152729
כמה-עולות-רקדניות-בישראל-בשנת-2026/index.html	https://click2dance.co.il/%D7%9B%D7%9E%D7%94-%D7%A2%D7%95%D7%9C%D7%95%D7%AA-%D7%A8%D7%A7%D7%93%D7%A0%D7%99%D7%95%D7%AA-%D7%91%D7%99%D7%A9%D7%A8%D7%90%D7%9C-%D7%91%D7%A9%D7%A0%D7%AA-2026/	20260422135816
לודמילה/index.html	https://click2dance.co.il/%D7%9C%D7%95%D7%93%D7%9E%D7%99%D7%9C%D7%94/	20260422140518
לונה/index.html	https://click2dance.co.il/%D7%9C%D7%95%D7%A0%D7%94/	20260422142349
ליאן/index.html	https://click2dance.co.il/%D7%9C%D7%99%D7%90%D7%9F/	20260422150726
לייף-דאנס/index.html	https://click2dance.co.il/%d7%9c%d7%99%d7%99%d7%a3-%d7%93%d7%90%d7%a0%d7%a1/	20230702171229
כניסות-מיוחדות-לבת-מצווה-להרגיש-כמו-נס/index.html	https://click2dance.co.il/%D7%9B%D7%A0%D7%99%D7%A1%D7%95%D7%AA-%D7%9E%D7%99%D7%95%D7%97%D7%93%D7%95%D7%AA-%D7%9C%D7%91%D7%AA-%D7%9E%D7%A6%D7%95%D7%95%D7%94-%D7%9C%D7%94%D7%A8%D7%92%D7%99%D7%A9-%D7%9B%D7%9E%D7%95-%D7%A0%D7%A1/	20260422152240
מאיה/index.html	https://click2dance.co.il/%D7%9E%D7%90%D7%99%D7%94/	20260422141308
מדיניות-פרטיות/index.html	https://click2dance.co.il/%D7%9E%D7%93%D7%99%D7%A0%D7%99%D7%95%D7%AA-%D7%A4%D7%A8%D7%98%D7%99%D7%95%D7%AA/	20260422135225
מה-באמת-קורה-במופע-חשפנות-מדריך-למי-שמז/index.html	https://click2dance.co.il/%D7%9E%D7%94-%D7%91%D7%90%D7%9E%D7%AA-%D7%A7%D7%95%D7%A8%D7%94-%D7%91%D7%9E%D7%95%D7%A4%D7%A2-%D7%97%D7%A9%D7%A4%D7%A0%D7%95%D7%AA-%D7%9E%D7%93%D7%A8%D7%99%D7%9A-%D7%9C%D7%9E%D7%99-%D7%A9%D7%9E%D7%96/	20260422151325
מוניקה/index.html	https://click2dance.co.il/%D7%9E%D7%95%D7%A0%D7%99%D7%A7%D7%94/	20260422144712
מופעים-vip/index.html	https://click2dance.co.il/%D7%9E%D7%95%D7%A4%D7%A2%D7%99%D7%9D-vip/	20260422135447
לימודי-פילאטיס-מכשירים/index.html	https://click2dance.co.il/%d7%9c%d7%99%d7%9e%d7%95%d7%93%d7%99-%d7%a4%d7%99%d7%9c%d7%90%d7%98%d7%99%d7%a1-%d7%9e%d7%9b%d7%a9%d7%99%d7%a8%d7%99%d7%9d/	20230710091832
מופעי-אש-לאירועים-כל-מה-שצריך-לדעת-על/index.html	https://click2dance.co.il/%D7%9E%D7%95%D7%A4%D7%A2%D7%99-%D7%90%D7%A9-%D7%9C%D7%90%D7%99%D7%A8%D7%95%D7%A2%D7%99%D7%9D-%D7%9B%D7%9C-%D7%9E%D7%94-%D7%A9%D7%A6%D7%A8%D7%99%D7%9A-%D7%9C%D7%93%D7%A2%D7%AA-%D7%A2%D7%9C/	20260422140627
לייף-דאנס-בצפון/index.html	https://click2dance.co.il/%d7%9c%d7%99%d7%99%d7%a3-%d7%93%d7%90%d7%a0%d7%a1-%d7%91%d7%a6%d7%a4%d7%95%d7%9f/	20230625110343
מייצגים-או-רקדניות-לאירוע-מה-ההבדל-ומה/index.html	https://click2dance.co.il/%D7%9E%D7%99%D7%99%D7%A6%D7%92%D7%99%D7%9D-%D7%90%D7%95-%D7%A8%D7%A7%D7%93%D7%A0%D7%99%D7%95%D7%AA-%D7%9C%D7%90%D7%99%D7%A8%D7%95%D7%A2-%D7%9E%D7%94-%D7%94%D7%94%D7%91%D7%93%D7%9C-%D7%95%D7%9E%D7%94/	20260422151256
מייצגים-לבר-מצווה/index.html	https://click2dance.co.il/%D7%9E%D7%99%D7%99%D7%A6%D7%92%D7%99%D7%9D-%D7%9C%D7%91%D7%A8-%D7%9E%D7%A6%D7%95%D7%95%D7%94/	20260422142212
מייצגים-לבת-מצווה/index.html	https://click2dance.co.il/%D7%9E%D7%99%D7%99%D7%A6%D7%92%D7%99%D7%9D-%D7%9C%D7%91%D7%AA-%D7%9E%D7%A6%D7%95%D7%95%D7%94/	20260422141421
מייצגים-לחתונה/index.html	https://click2dance.co.il/%D7%9E%D7%99%D7%99%D7%A6%D7%92%D7%99%D7%9D-%D7%9C%D7%97%D7%AA%D7%95%D7%A0%D7%94/	20260422141816
מייצגים/index.html	https://click2dance.co.il/%D7%9E%D7%99%D7%99%D7%A6%D7%92%D7%99%D7%9D/	20260422135356
מייקל/index.html	https://click2dance.co.il/%D7%9E%D7%99%D7%99%D7%A7%D7%9C/	20260422152818
מילנה/index.html	https://click2dance.co.il/%D7%9E%D7%99%D7%9C%D7%A0%D7%94/	20260422152121
מופעי-אש-ולד/index.html	https://click2dance.co.il/%D7%9E%D7%95%D7%A4%D7%A2%D7%99-%D7%90%D7%A9-%D7%95%D7%9C%D7%93/	20260422150538
מחירון/index.html	https://click2dance.co.il/%D7%9E%D7%97%D7%99%D7%A8%D7%95%D7%9F/	20260422140254
מסיבת-רווקות/index.html	https://click2dance.co.il/%D7%9E%D7%A1%D7%99%D7%91%D7%AA-%D7%A8%D7%95%D7%95%D7%A7%D7%95%D7%AA/	20260422155657
מסיבת-רווקים/index.html	https://click2dance.co.il/%D7%9E%D7%A1%D7%99%D7%91%D7%AA-%D7%A8%D7%95%D7%95%D7%A7%D7%99%D7%9D/	20260422143712
חשפניות-בצפון/index.html	https://click2dance.co.il/%D7%97%D7%A9%D7%A4%D7%A0%D7%99%D7%95%D7%AA-%D7%91%D7%A6%D7%A4%D7%95%D7%9F/	20260422153858
מריה/index.html	https://click2dance.co.il/%D7%9E%D7%A8%D7%99%D7%94/	20260422152506
מי-אנחנו/index.html	https://click2dance.co.il/%D7%9E%D7%99-%D7%90%D7%A0%D7%97%D7%A0%D7%95/	20260422151353
מישל/index.html	https://click2dance.co.il/%D7%9E%D7%99%D7%A9%D7%9C/	20260422153517
מרגו/index.html	https://click2dance.co.il/%D7%9E%D7%A8%D7%92%D7%95/	20260422144149
נטלי/index.html	https://click2dance.co.il/%D7%A0%D7%98%D7%9C%D7%99/	20260422134649
נועה/index.html	https://click2dance.co.il/%D7%A0%D7%95%D7%A2%D7%94/	20260422143149
משוגע-skazi-void-מאחרים-את-פישי-הגדול-וטל-פריד/index.html	http://click2dance.co.il/%d7%9e%d7%a9%d7%95%d7%92%d7%a2-skazi-void-%d7%9e%d7%90%d7%97%d7%a8%d7%99%d7%9d-%d7%90%d7%aa-%d7%a4%d7%99%d7%a9%d7%99-%d7%94%d7%92%d7%93%d7%95%d7%9c-%d7%95%d7%98%d7%9c-%d7%a4%d7%a8%d7%99%d7%93	20140908085629
ניקול/index.html	https://click2dance.co.il/%D7%A0%D7%99%D7%A7%D7%95%D7%9C/	20260422140142
סדנאות-ריקוד-קורס-ריקוד/index.html	https://click2dance.co.il/%d7%a1%d7%93%d7%a0%d7%90%d7%95%d7%aa-%d7%a8%d7%99%d7%a7%d7%95%d7%93-%d7%a7%d7%95%d7%a8%d7%a1-%d7%a8%d7%99%d7%a7%d7%95%d7%93/	20230626044939
ניר/index.html	https://click2dance.co.il/%D7%A0%D7%99%D7%A8/	20260422152428
סדנאות-ריקוד-פרטיות/index.html	https://click2dance.co.il/%d7%a1%d7%93%d7%a0%d7%90%d7%95%d7%aa-%d7%a8%d7%99%d7%a7%d7%95%d7%93-%d7%a4%d7%a8%d7%98%d7%99%d7%95%d7%aa/	20230711104706
סנזאנה/index.html	https://click2dance.co.il/%D7%A1%D7%A0%D7%96%D7%90%D7%A0%D7%94/	20260422135937
ספיישל-a-state-of-trance-500-ב-click2dance/index.html	http://click2dance.co.il/%d7%a1%d7%a4%d7%99%d7%99%d7%a9%d7%9c-a-state-of-trance-500-%d7%91-click2dance	20131020144156
סדנת-ריקוד-חופשי/index.html	https://click2dance.co.il/%d7%a1%d7%93%d7%a0%d7%aa-%d7%a8%d7%99%d7%a7%d7%95%d7%93-%d7%97%d7%95%d7%a4%d7%a9%d7%99/	20230711104636
סופיה/index.html	https://click2dance.co.il/%D7%A1%D7%95%D7%A4%D7%99%D7%94/	20260422145204
פאולין/index.html	https://click2dance.co.il/%D7%A4%D7%90%D7%95%D7%9C%D7%99%D7%9F/	20260422143959
עידן/index.html	https://click2dance.co.il/%D7%A2%D7%99%D7%93%D7%9F/	20260422145439
צור-קשר/index.html	https://click2dance.co.il/%D7%A6%D7%95%D7%A8-%D7%A7%D7%A9%D7%A8/	20260422150631
קורס-מדריכי-פילאטיס-בצפון/index.html	https://click2dance.co.il/%d7%a7%d7%95%d7%a8%d7%a1-%d7%9e%d7%93%d7%a8%d7%99%d7%9b%d7%99-%d7%a4%d7%99%d7%9c%d7%90%d7%98%d7%99%d7%a1-%d7%91%d7%a6%d7%a4%d7%95%d7%9f/	20230507124619
עוז-בטש-–-צועק/index.html	http://click2dance.co.il/%d7%a2%d7%95%d7%96-%d7%91%d7%98%d7%a9-%e2%80%93-%d7%a6%d7%95%d7%a2%d7%a7	20131022023909
קורס-מדריכי-פילאטיס-מומלץ/index.html	https://click2dance.co.il/%d7%a7%d7%95%d7%a8%d7%a1-%d7%9e%d7%93%d7%a8%d7%99%d7%9b%d7%99-%d7%a4%d7%99%d7%9c%d7%90%d7%98%d7%99%d7%a1-%d7%9e%d7%95%d7%9e%d7%9c%d7%a5/	20230709110103
קורס-מדריכי-פילאטיס-חיפה/index.html	http://click2dance.co.il/%d7%a7%d7%95%d7%a8%d7%a1-%d7%9e%d7%93%d7%a8%d7%99%d7%9b%d7%99-%d7%a4%d7%99%d7%9c%d7%90%d7%98%d7%99%d7%a1-%d7%97%d7%99%d7%a4%d7%94/	20230421034546
קורס-מדריכי-פילאטיס-מכשירים-בצפון/index.html	https://click2dance.co.il/%d7%a7%d7%95%d7%a8%d7%a1-%d7%9e%d7%93%d7%a8%d7%99%d7%9b%d7%99-%d7%a4%d7%99%d7%9c%d7%90%d7%98%d7%99%d7%a1-%d7%9e%d7%9b%d7%a9%d7%99%d7%a8%d7%99%d7%9d-%d7%91%d7%a6%d7%a4%d7%95%d7%9f/	20220630050257
קינדרלעך-המן-הרשע/index.html	http://click2dance.co.il/%d7%a7%d7%99%d7%a0%d7%93%d7%a8%d7%9c%d7%a2%d7%9a-%d7%94%d7%9e%d7%9f-%d7%94%d7%a8%d7%a9%d7%a2	20160609202115
קמילה/index.html	https://click2dance.co.il/%D7%A7%D7%9E%D7%99%D7%9C%D7%94/	20260422153218
קירה/index.html	https://click2dance.co.il/%D7%A7%D7%99%D7%A8%D7%94/	20260422141459
קתרין/index.html	https://click2dance.co.il/%D7%A7%D7%AA%D7%A8%D7%99%D7%9F/	20260422134827
רון/index.html	https://click2dance.co.il/%D7%A8%D7%95%D7%9F/	20260422135311
רותם/index.html	https://click2dance.co.il/%D7%A8%D7%95%D7%AA%D7%9D/	20260422141057
ריקוד-חופשי/index.html	https://click2dance.co.il/%d7%a8%d7%99%d7%a7%d7%95%d7%93-%d7%97%d7%95%d7%a4%d7%a9%d7%99/	20230711104557
רקדניות-באילת/index.html	https://click2dance.co.il/%D7%A8%D7%A7%D7%93%D7%A0%D7%99%D7%95%D7%AA-%D7%91%D7%90%D7%99%D7%9C%D7%AA/	20260422143321
רקדניות-בבאר-שבע/index.html	https://click2dance.co.il/%D7%A8%D7%A7%D7%93%D7%A0%D7%99%D7%95%D7%AA-%D7%91%D7%91%D7%90%D7%A8-%D7%A9%D7%91%D7%A2/	20260422144854
פילאטיס-בצפון/index.html	http://click2dance.co.il/%d7%a4%d7%99%d7%9c%d7%90%d7%98%d7%99%d7%a1-%d7%91%d7%a6%d7%a4%d7%95%d7%9f/	20230106170754
רקדניות-בהרצליה-ובשרון/index.html	https://click2dance.co.il/%D7%A8%D7%A7%D7%93%D7%A0%D7%99%D7%95%D7%AA-%D7%91%D7%94%D7%A8%D7%A6%D7%9C%D7%99%D7%94-%D7%95%D7%91%D7%A9%D7%A8%D7%95%D7%9F/	20260422141946
רקדניות-בחיפה/index.html	https://click2dance.co.il/%D7%A8%D7%A7%D7%93%D7%A0%D7%99%D7%95%D7%AA-%D7%91%D7%97%D7%99%D7%A4%D7%94/	20260422142113
רקדניות-בטן-לחינה/index.html	https://click2dance.co.il/%D7%A8%D7%A7%D7%93%D7%A0%D7%99%D7%95%D7%AA-%D7%91%D7%98%D7%9F-%D7%9C%D7%97%D7%99%D7%A0%D7%94/	20260422152540
מתן/index.html	https://click2dance.co.il/%D7%9E%D7%AA%D7%9F/	20260422144604
רקדניות-בטן-למסיבת-רווקות/index.html	https://click2dance.co.il/%D7%A8%D7%A7%D7%93%D7%A0%D7%99%D7%95%D7%AA-%D7%91%D7%98%D7%9F-%D7%9C%D7%9E%D7%A1%D7%99%D7%91%D7%AA-%D7%A8%D7%95%D7%95%D7%A7%D7%95%D7%AA/	20260422140333
רקדניות-בטן/index.html	https://click2dance.co.il/%D7%A8%D7%A7%D7%93%D7%A0%D7%99%D7%95%D7%AA-%D7%91%D7%98%D7%9F/	20260422152651
רקדניות-בירושלים/index.html	https://click2dance.co.il/%D7%A8%D7%A7%D7%93%D7%A0%D7%99%D7%95%D7%AA-%D7%91%D7%99%D7%A8%D7%95%D7%A9%D7%9C%D7%99%D7%9D/	20260422144529
ריהאנה/index.html	https://click2dance.co.il/%D7%A8%D7%99%D7%94%D7%90%D7%A0%D7%94/	20260422140219
רקדניות-במודיעין-ובית-שמש/index.html	https://click2dance.co.il/%D7%A8%D7%A7%D7%93%D7%A0%D7%99%D7%95%D7%AA-%D7%91%D7%9E%D7%95%D7%93%D7%99%D7%A2%D7%99%D7%9F-%D7%95%D7%91%D7%99%D7%AA-%D7%A9%D7%9E%D7%A9/	20260422141917
רקדניות-במרכז/index.html	https://click2dance.co.il/%D7%A8%D7%A7%D7%93%D7%A0%D7%99%D7%95%D7%AA-%D7%91%D7%9E%D7%A8%D7%9B%D7%96/	20260422140408
רקדניות-בדרום/index.html	https://click2dance.co.il/%D7%A8%D7%A7%D7%93%D7%A0%D7%99%D7%95%D7%AA-%D7%91%D7%93%D7%A8%D7%95%D7%9D/	20260422142744
רקדניות-ברזילאיות-לבר-מצווה/index.html	https://click2dance.co.il/%D7%A8%D7%A7%D7%93%D7%A0%D7%99%D7%95%D7%AA-%D7%91%D7%A8%D7%96%D7%99%D7%9C%D7%90%D7%99%D7%95%D7%AA-%D7%9C%D7%91%D7%A8-%D7%9E%D7%A6%D7%95%D7%95%D7%94/	20260422153304
רקדניות-בצפון/index.html	https://click2dance.co.il/%D7%A8%D7%A7%D7%93%D7%A0%D7%99%D7%95%D7%AA-%D7%91%D7%A6%D7%A4%D7%95%D7%9F/	20260422144055
רקדניות-ברזילאיות/index.html	https://click2dance.co.il/%D7%A8%D7%A7%D7%93%D7%A0%D7%99%D7%95%D7%AA-%D7%91%D7%A8%D7%96%D7%99%D7%9C%D7%90%D7%99%D7%95%D7%AA/	20260422150659
רקדניות-בתל-אביב/index.html	https://click2dance.co.il/%D7%A8%D7%A7%D7%93%D7%A0%D7%99%D7%95%D7%AA-%D7%91%D7%AA%D7%9C-%D7%90%D7%91%D7%99%D7%91/	20260422153405
רקדניות-לאירוע-חברה/index.html	https://click2dance.co.il/%D7%A8%D7%A7%D7%93%D7%A0%D7%99%D7%95%D7%AA-%D7%9C%D7%90%D7%99%D7%A8%D7%95%D7%A2-%D7%97%D7%91%D7%A8%D7%94/	20260422153214
רקדניות-לבר-מצווה/index.html	https://click2dance.co.il/%D7%A8%D7%A7%D7%93%D7%A0%D7%99%D7%95%D7%AA-%D7%9C%D7%91%D7%A8-%D7%9E%D7%A6%D7%95%D7%95%D7%94/	20260422143543
רקדניות-לבת-מצווה/index.html	https://click2dance.co.il/%D7%A8%D7%A7%D7%93%D7%A0%D7%99%D7%95%D7%AA-%D7%9C%D7%91%D7%AA-%D7%9E%D7%A6%D7%95%D7%95%D7%94/	20260422142141
רקדניות-ברזילאיות-לחתונה/index.html	https://click2dance.co.il/%D7%A8%D7%A7%D7%93%D7%A0%D7%99%D7%95%D7%AA-%D7%91%D7%A8%D7%96%D7%99%D7%9C%D7%90%D7%99%D7%95%D7%AA-%D7%9C%D7%97%D7%AA%D7%95%D7%A0%D7%94/	20260422150443
רקדניות-לחינה/index.html	https://click2dance.co.il/%D7%A8%D7%A7%D7%93%D7%A0%D7%99%D7%95%D7%AA-%D7%9C%D7%97%D7%99%D7%A0%D7%94/	20260422142316
רקדניות-לחתונה/index.html	https://click2dance.co.il/%D7%A8%D7%A7%D7%93%D7%A0%D7%99%D7%95%D7%AA-%D7%9C%D7%97%D7%AA%D7%95%D7%A0%D7%94/	20260422142902
רקדנים-סלוניים/index.html	https://click2dance.co.il/%D7%A8%D7%A7%D7%93%D7%A0%D7%99%D7%9D-%D7%A1%D7%9C%D7%95%D7%A0%D7%99%D7%99%D7%9D/	20260422135608
רקדנים-סמויים-לחתונה-ההפתעה-שתשגע-א/index.html	https://click2dance.co.il/%D7%A8%D7%A7%D7%93%D7%A0%D7%99%D7%9D-%D7%A1%D7%9E%D7%95%D7%99%D7%99%D7%9D-%D7%9C%D7%97%D7%AA%D7%95%D7%A0%D7%94-%D7%94%D7%94%D7%A4%D7%AA%D7%A2%D7%94-%D7%A9%D7%AA%D7%A9%D7%92%D7%A2-%D7%90/	20260422143242
רקדניות-ליום-הולדת/index.html	https://click2dance.co.il/%D7%A8%D7%A7%D7%93%D7%A0%D7%99%D7%95%D7%AA-%D7%9C%D7%99%D7%95%D7%9D-%D7%94%D7%95%D7%9C%D7%93%D7%AA/	20260422151924
רקדנית-בטן-או-רקדניות-ברזילאיות-איך-לב/index.html	https://click2dance.co.il/%D7%A8%D7%A7%D7%93%D7%A0%D7%99%D7%AA-%D7%91%D7%98%D7%9F-%D7%90%D7%95-%D7%A8%D7%A7%D7%93%D7%A0%D7%99%D7%95%D7%AA-%D7%91%D7%A8%D7%96%D7%99%D7%9C%D7%90%D7%99%D7%95%D7%AA-%D7%90%D7%99%D7%9A-%D7%9C%D7%91/	20260422141536
שאלות-נפוצות/index.html	https://click2dance.co.il/%D7%A9%D7%90%D7%9C%D7%95%D7%AA-%D7%A0%D7%A4%D7%95%D7%A6%D7%95%D7%AA/	20260422140020
שיעורי-ריקוד/index.html	https://click2dance.co.il/%d7%a9%d7%99%d7%a2%d7%95%d7%a8%d7%99-%d7%a8%d7%99%d7%a7%d7%95%d7%93/	20230625110530
שירה/index.html	https://click2dance.co.il/%D7%A9%D7%99%D7%A8%D7%94/	20260422142017
שירותים/index.html	https://click2dance.co.il/%D7%A9%D7%99%D7%A8%D7%95%D7%AA%D7%99%D7%9D/	20260422140907
רקדניות-בטן-לחתונה/index.html	https://click2dance.co.il/%D7%A8%D7%A7%D7%93%D7%A0%D7%99%D7%95%D7%AA-%D7%91%D7%98%D7%9F-%D7%9C%D7%97%D7%AA%D7%95%D7%A0%D7%94/	20260422141614
שקד/index.html	https://click2dance.co.il/%D7%A9%D7%A7%D7%93/	20260422144638
תומר/index.html	https://click2dance.co.il/%D7%AA%D7%95%D7%9E%D7%A8/	20260422144744
תיק-עבודות/index.html	https://click2dance.co.il/%D7%AA%D7%99%D7%A7-%D7%A2%D7%91%D7%95%D7%93%D7%95%D7%AA/	20260422152252
תנאי-שימוש/index.html	https://click2dance.co.il/%D7%AA%D7%A0%D7%90%D7%99-%D7%A9%D7%99%D7%9E%D7%95%D7%A9/	20260422141000
12-רעיונות-מקוריים-למסיבת-רווקות-בלתי-נש/index.html	https://click2dance.co.il/12-%D7%A8%D7%A2%D7%99%D7%95%D7%A0%D7%95%D7%AA-%D7%9E%D7%A7%D7%95%D7%A8%D7%99%D7%99%D7%9D-%D7%9C%D7%9E%D7%A1%D7%99%D7%91%D7%AA-%D7%A8%D7%95%D7%95%D7%A7%D7%95%D7%AA-%D7%91%D7%9C%D7%AA%D7%99-%D7%A0%D7%A9/	20260422150511
15-רעיונות-למסיבת-רווקים-מאירוע-סולידי/index.html	https://click2dance.co.il/15-%D7%A8%D7%A2%D7%99%D7%95%D7%A0%D7%95%D7%AA-%D7%9C%D7%9E%D7%A1%D7%99%D7%91%D7%AA-%D7%A8%D7%95%D7%95%D7%A7%D7%99%D7%9D-%D7%9E%D7%90%D7%99%D7%A8%D7%95%D7%A2-%D7%A1%D7%95%D7%9C%D7%99%D7%93%D7%99/	20260422151057
1st-bday/index.html	http://click2dance.co.il/1st-bday	20151210170649
